/contributors /contributors/ 301
/mission /mission/ 301
/uses /uses/ 301
/blog /blog/ 301
/apps /apps/ 301
/plugins /plugins/ 301
